file,baseline,kind,flaws,severity
synthetic01__rushed_s1,synthetic01,single,rushed,1
synthetic01__rushed_s2,synthetic01,single,rushed,2
synthetic01__rushed_s3,synthetic01,single,rushed,3
synthetic01__rushed_s4,synthetic01,single,rushed,4
synthetic01__dragging_s1,synthetic01,single,dragging,1
synthetic01__dragging_s2,synthetic01,single,dragging,2
synthetic01__dragging_s3,synthetic01,single,dragging,3
synthetic01__dragging_s4,synthetic01,single,dragging,4
synthetic01__monotone_s1,synthetic01,single,monotone,1
synthetic01__monotone_s2,synthetic01,single,monotone,2
synthetic01__monotone_s3,synthetic01,single,monotone,3
synthetic01__monotone_s4,synthetic01,single,monotone,4
synthetic01__long_pause_s1,synthetic01,single,long_pause,1
synthetic01__long_pause_s2,synthetic01,single,long_pause,2
synthetic01__long_pause_s3,synthetic01,single,long_pause,3
synthetic01__long_pause_s4,synthetic01,single,long_pause,4
synthetic01__volume_drop_s1,synthetic01,single,volume_drop,1
synthetic01__volume_drop_s2,synthetic01,single,volume_drop,2
synthetic01__volume_drop_s3,synthetic01,single,volume_drop,3
synthetic01__volume_drop_s4,synthetic01,single,volume_drop,4
synthetic01__muffled_s1,synthetic01,single,muffled,1
synthetic01__muffled_s2,synthetic01,single,muffled,2
synthetic01__muffled_s3,synthetic01,single,muffled,3
synthetic01__muffled_s4,synthetic01,single,muffled,4
synthetic01__mixed_0,synthetic01,mixed,rushed+dragging+muffled,
synthetic01__mixed_1,synthetic01,mixed,monotone+long_pause+muffled,
synthetic01__mixed_2,synthetic01,mixed,muffled+dragging+volume_drop,
synthetic01__mixed_3,synthetic01,mixed,rushed+monotone+muffled,
synthetic01__control_gain,synthetic01,control,none,
synthetic01__control_noise,synthetic01,control,none,
